ts,v1,v2
2024-11-01 00:00:00,0.8424656216170952,0.30861733395683827
2024-11-01 01:00:00,0.6519388567864969,0.2373772398414418
2024-11-01 02:00:00,0.48301232354540846,0.17560645008366157
2024-11-01 03:00:00,0.4441169245129186,0.14065623298273114
2024-11-01 04:00:00,0.4441169245129186,0.1381410940503032
2024-11-01 05:00:00,0.4241707682674223,0.14546378330267035
2024-11-01 06:00:00,0.36188059912548276,0.12452857838606501
2024-11-01 07:00:00,0.5321021335194157,0.16676991511345193
2024-11-01 08:00:00,0.7369579669103526,0.24527998331965917
2024-11-01 09:00:00,0.9276653423174792,0.28796469684698556
2024-11-01 10:00:00,0.9252057562621324,0.3041839602292381
2024-11-01 11:00:00,0.9815393084991351,0.3236806752544109
2024-11-01 12:00:00,1.1770676946881176,0.35419822743787027
2024-11-01 13:00:00,0.7619799495890509,0.2972322429212698
2024-11-01 14:00:00,0.6786491845212006,0.2610673311669731
2024-11-01 15:00:00,0.6962934338506181,0.28074452899218877
2024-11-01 16:00:00,0.7385985833768369,0.27288061743208586
2024-11-01 17:00:00,0.892024561475588,0.3081415343274232
2024-11-01 18:00:00,0.9931159715945452,0.31966491642064954
2024-11-01 19:00:00,0.9982830236444283,0.31932952993065467
2024-11-01 20:00:00,0.9941934215058343,0.3243409684263392
2024-11-01 21:00:00,0.9941934215058343,0.3322308197643338
2024-11-01 22:00:00,1.0062799920940522,0.3308785927798954
2024-11-01 23:00:00,1.0327450869683186,0.3333780161031944
2024-11-02 00:00:00,0.9234218291056533,0.3218243459189684
2024-11-02 01:00:00,0.7214099222732134,0.25145721034368007
2024-11-02 02:00:00,0.5535111700020414,0.178927046411568
2024-11-02 03:00:00,0.5099075299924616,0.14356441289648844
2024-11-02 04:00:00,0.5099075299924616,0.14063054109135137
2024-11-02 05:00:00,0.5211895325293832,0.13662519355801742
2024-11-02 06:00:00,0.5109679537163943,0.12815553772176125
2024-11-02 07:00:00,0.6089242961767444,0.1562634267980825
2024-11-02 08:00:00,0.7445658736998576,0.2267419915663197
2024-11-02 09:00:00,0.8089023817294788,0.27067743654063403
2024-11-02 10:00:00,0.8281695596987262,0.2918961746362133
2024-11-02 11:00:00,0.8894830026854259,0.3056124412721701
2024-11-02 12:00:00,0.9326182398103111,0.3176185529433331
2024-11-02 13:00:00,0.906518630603842,0.3164391814867446
2024-11-02 14:00:00,0.8880812107395659,0.3067541839102282
2024-11-02 15:00:00,0.9188403993953699,0.30707029463191526
2024-11-02 16:00:00,1.0082551646760594,0.31017982315620946
2024-11-02 17:00:00,1.1385115394413738,0.3337439648525594
2024-11-02 18:00:00,1.1722091464586697,0.34640788310522386
2024-11-02 19:00:00,1.1723839957807116,0.3514123330369293
2024-11-02 20:00:00,1.1755149899856252,0.3564049328978093
2024-11-02 21:00:00,1.1755149899856252,0.36107444998776944
2024-11-02 22:00:00,1.1706023978680176,0.3612571757309317
2024-11-02 23:00:00,1.1417479164386912,0.36525262762889504
2024-11-03 00:00:00,0.9547879107436386,0.3282827175804544
2024-11-03 01:00:00,0.7527760039111984,0.25791558200516607
2024-11-03 02:00:00,0.569806006441258,0.18155200320283219
2024-11-03 03:00:00,0.5241049171359892,0.14591181631095929
2024-11-03 04:00:00,0.5241049171359892,0.14175065365452952
2024-11-03 05:00:00,0.5230921641988197,0.13505544275849876
2024-11-03 06:00:00,0.4996371855047187,0.12403255773427863
2024-11-03 07:00:00,0.5982956090019218,0.14918466012133422
2024-11-03 08:00:00,0.7115401462248397,0.2186489541867749
2024-11-03 09:00:00,0.7820374194706616,0.2625843991610893
2024-11-03 10:00:00,0.8013045974399088,0.2822440211420721
2024-11-03 11:00:00,0.8574325912639699,0.2944490841944954
2024-11-03 12:00:00,0.8741589771415519,0.3034280142867596
2024-11-03 13:00:00,0.9000355209211864,0.3014158206166061
2024-11-03 14:00:00,0.8961430709539255,0.30402397146272575
2024-11-03 15:00:00,0.9434904945067173,0.315573026406442
2024-11-03 16:00:00,1.0364432840838378,0.3224344776967447
2024-11-03 17:00:00,1.1903158338684257,0.34599861939309473
2024-11-03 18:00:00,1.2240134408857215,0.3645796314171896
2024-11-03 19:00:00,1.236464029750754,0.36958408134889503
2024-11-03 20:00:00,1.2395950239556675,0.3755908464214834
2024-11-03 21:00:00,1.2395950239556675,0.3812389237574794
2024-11-03 22:00:00,1.2370536112206778,0.38322406996381986
2024-11-03 23:00:00,1.1993933627956044,0.3872195218617832
2024-11-04 00:00:00,0.8157788509852121,0.2923581320615392
2024-11-04 01:00:00,0.6089240973156737,0.20969611359915244
2024-11-04 02:00:00,0.44085596207734556,0.1488141771031883
2024-11-04 03:00:00,0.4008706576876081,0.11979961214793611
2024-11-04 04:00:00,0.4008706576876081,0.1203543999648215
2024-11-04 05:00:00,0.4849377072286851,0.14501130876064017
2024-11-04 06:00:00,0.5967105236985532,0.18876500446751987
2024-11-04 07:00:00,1.3623612718017168,0.4061266399373361
2024-11-04 08:00:00,2.0288691547648368,0.5716540695843951
2024-11-04 09:00:00,2.4796562728656744,0.6385938441504879
2024-11-04 10:00:00,2.5847720612459515,0.661761316811383
2024-11-04 11:00:00,2.834318098104066,0.6814031990964412
2024-11-04 12:00:00,3.2015127900637186,0.7200075807480448
2024-11-04 13:00:00,3.063678161145048,0.7166622351902947
2024-11-04 14:00:00,3.1479369202577874,0.7161419251369557
2024-11-04 15:00:00,2.8839148726411903,0.6934123742939716
2024-11-04 16:00:00,2.5081295366436205,0.6491312106113281
2024-11-04 17:00:00,1.716746109530049,0.5018325264873653
2024-11-04 18:00:00,1.4150228741549387,0.4321227315680819
2024-11-04 19:00:00,1.287142205316329,0.3998976683923489
2024-11-04 20:00:00,1.262813428395949,0.39811005846444825
2024-11-04 21:00:00,1.262813428395949,0.4018576690446316
2024-11-04 22:00:00,1.1734444925560685,0.3934762200891039
2024-11-04 23:00:00,1.0849511167681705,0.3611277243658661
2024-11-05 00:00:00,0.8340555863804923,0.2922464054009256
2024-11-05 01:00:00,0.642256920470574,0.21277085863574532
2024-11-05 02:00:00,0.47770093005267966,0.15060013962564547
2024-11-05 03:00:00,0.43798347234615376,0.1224833885431858
2024-11-05 04:00:00,0.43798347234615376,0.12423167116409795
2024-11-05 05:00:00,0.5291071201756811,0.15037445432860475
2024-11-05 06:00:00,0.6597020612040534,0.2030704324739866
2024-11-05 07:00:00,1.4634011548655608,0.4275486595682622
2024-11-05 08:00:00,2.1971251504825893,0.5961367843115994
2024-11-05 09:00:00,2.676079578052475,0.6630765588776921
2024-11-05 10:00:00,2.7898376841786288,0.6862440315385872
2024-11-05 11:00:00,3.0530631199466836,0.7058859138236453
2024-11-05 12:00:00,3.4781279863797625,0.744273513443501
2024-11-05 13:00:00,3.329142547467644,0.7396107145964581
2024-11-05 14:00:00,3.2973126568067537,0.7308768126790388
2024-11-05 15:00:00,3.035543654464397,0.7077097459285042
2024-11-05 16:00:00,2.6269478892566704,0.660968879794862
2024-11-05 17:00:00,1.8093098721579184,0.5118602341790189
2024-11-05 18:00:00,1.4921746060247492,0.4416060440898981
2024-11-05 19:00:00,1.3642939371861398,0.40938098091416514
2024-11-05 20:00:00,1.3399651602657596,0.40759337098626447
2024-11-05 21:00:00,1.3399651602657596,0.4113409815664478
2024-11-05 22:00:00,1.2547192333211898,0.4029595326109201
2024-11-05 23:00:00,1.1500625910837667,0.3714239418036939
2024-11-06 00:00:00,0.8458710937894779,0.28951150380899615
2024-11-06 01:00:00,0.6540724278795597,0.212119395350377
2024-11-06 02:00:00,0.4895164374616653,0.14994867634027714
2024-11-06 03:00:00,0.4497989797551394,0.12183192525781744
2024-11-06 04:00:00,0.4497989797551394,0.12358020787872959
2024-11-06 05:00:00,0.5409226275846667,0.14972299104323641
2024-11-06 06:00:00,0.671517568613039,0.20241896918861826
2024-11-06 07:00:00,1.4752166622745468,0.4268971962828939
2024-11-06 08:00:00,2.2102019059255946,0.5954853210262311
2024-11-06 09:00:00,2.6874433381842797,0.6624250955923237
2024-11-06 10:00:00,2.8178763728723872,0.6855925682532187
2024-11-06 11:00:00,3.075490375126675,0.7052344505382769
2024-11-06 12:00:00,3.489024674673325,0.7436220501581328
2024-11-06 13:00:00,3.338159160962276,0.7389592513110897
2024-11-06 14:00:00,3.286270870995346,0.7309802066286327
2024-11-06 15:00:00,3.0245018686529894,0.7078131398780982
2024-11-06 16:00:00,2.6103801940956624,0.6610722737444559
2024-11-06 17:00:00,1.8098351509284123,0.5122365997998665
2024-11-06 18:00:00,1.4739581170832097,0.44198240971074565
2024-11-06 19:00:00,1.3460774482446003,0.40975734653501267
2024-11-06 20:00:00,1.3217486713242201,0.407969736607112
2024-11-06 21:00:00,1.3217486713242201,0.41171734718729536
2024-11-06 22:00:00,1.2365027443796501,0.40333589823176763
2024-11-06 23:00:00,1.131846102142227,0.37180030742454145
2024-11-07 00:00:00,0.8306260415745146,0.29349136434069284
2024-11-07 01:00:00,0.6405176094269932,0.21639422674793288
2024-11-07 02:00:00,0.4753401906430904,0.15422350773783303
2024-11-07 03:00:00,0.4310328245845182,0.12610675665537324
2024-11-07 04:00:00,0.4310328245845182,0.12754870894527337
2024-11-07 05:00:00,0.5269254650684457,0.15369149210978034
2024-11-07 06:00:00,0.6507012682570107,0.20577596112851204
2024-11-07 07:00:00,1.4428273448254165,0.43022763904091427
2024-11-07 08:00:00,2.1026863386320684,0.5987549336645235
2024-11-07 09:00:00,2.4959215412740674,0.6656947082306159
2024-11-07 10:00:00,2.626354575962175,0.6883909842861571
2024-11-07 11:00:00,2.882125681689536,0.7077941156480821
2024-11-07 12:00:00,3.2497066642325483,0.7418492698248548
2024-11-07 13:00:00,3.0695917206386634,0.7354218197652347
2024-11-07 14:00:00,3.0121283381839348,0.7186412925666406
2024-11-07 15:00:00,2.794077569696425,0.6944579883420621
2024-11-07 16:00:00,2.4225498610252902,0.6496780989402241
2024-11-07 17:00:00,1.7238614372189738,0.5023806640986808
2024-11-07 18:00:00,1.424790146857973,0.4357052830634492
2024-11-07 19:00:00,1.2952374482779412,0.4034802198877162
2024-11-07 20:00:00,1.270908671357561,0.40169260995981554
2024-11-07 21:00:00,1.270908671357561,0.405345675515242
2024-11-07 22:00:00,1.1811117549039851,0.3971578009470532
2024-11-07 23:00:00,1.0731631943983557,0.3665164444611414
2024-11-08 00:00:00,0.9249744979358012,0.3142763133195241
2024-11-08 01:00:00,0.7304517440467652,0.23974361365352115
2024-11-08 02:00:00,0.5714925522915886,0.17479946106751762
2024-11-08 03:00:00,0.5271851862330164,0.14720803624699885
2024-11-08 04:00:00,0.5271851862330164,0.14755748370481797
2024-11-08 05:00:00,0.6155709987330882,0.17317965589014178
2024-11-08 06:00:00,0.7195423361459479,0.21689558047120758
2024-11-08 07:00:00,1.3381610638272787,0.41387332396238696
2024-11-08 08:00:00,1.7970426263625636,0.5459561678612281
2024-11-08 09:00:00,2.1264983272059172,0.6002814244303588
2024-11-08 10:00:00,2.1793408794187337,0.6206281759558594
2024-11-08 11:00:00,2.281528596778103,0.642646868150976
2024-11-08 12:00:00,2.598258315059899,0.6741904543811701
2024-11-08 13:00:00,2.099632539353807,0.6172244698645697
2024-11-08 14:00:00,1.972306618906304,0.5665716452618634
2024-11-08 15:00:00,1.818458301140683,0.5411132013637964
2024-11-08 16:00:00,1.643349698366729,0.5092576540702461
2024-11-08 17:00:00,1.3709702569091038,0.41499695577496903
2024-11-08 18:00:00,1.2140694682968987,0.36999580087398654
2024-11-08 19:00:00,1.16862109131749,0.3593710376006435
2024-11-08 20:00:00,1.1610422220012706,0.3602690736448944
2024-11-08 21:00:00,1.1610422220012706,0.3672445337182311
2024-11-08 22:00:00,1.1332949408229875,0.3650521920871528
2024-11-08 23:00:00,1.0782813722323703,0.35227887548428655
2024-11-09 00:00:00,0.9777119349802448,0.33379407478785433
2024-11-09 01:00:00,0.7739919476186159,0.2625509909326745
2024-11-09 02:00:00,0.5995232257979362,0.18612079448357718
2024-11-09 03:00:00,0.55132967743631,0.1495324435056578
2024-11-09 04:00:00,0.55132967743631,0.14659857170052074
2024-11-09 05:00:00,0.5685455697887056,0.14235239769016736
2024-11-09 06:00:00,0.5585341052532883,0.1338827418539112
2024-11-09 07:00:00,0.6485859640580196,0.16109803449100477
2024-11-09 08:00:00,0.7324472167746553,0.23151576913951402
2024-11-09 09:00:00,0.7951122128510416,0.2754512141138283
2024-11-09 10:00:00,0.814379390820289,0.29631095651877964
2024-11-09 11:00:00,0.875692833806989,0.31002722315473635
2024-11-09 12:00:00,0.927409554006444,0.32203333482589935
2024-11-09 13:00:00,0.8927075370050481,0.3208539633693109
2024-11-09 14:00:00,0.8742701171407722,0.31112915191462565
2024-11-09 15:00:00,0.9080094631015407,0.3114452626363128
2024-11-09 16:00:00,1.0064846211965142,0.314650581424899
2024-11-09 17:00:00,1.177900771575261,0.33821472312124906
2024-11-09 18:00:00,1.2193637549347074,0.35087864137391345
2024-11-09 19:00:00,1.2195386042567493,0.3558830913056189
2024-11-09 20:00:00,1.222669598461663,0.36087569116649887
2024-11-09 21:00:00,1.222669598461663,0.3652562589584375
2024-11-09 22:00:00,1.222806415711558,0.36563255908893866
2024-11-09 23:00:00,1.1807906144772142,0.37133515022422803
2024-11-10 00:00:00,0.990404114539888,0.3400482726629922
2024-11-10 01:00:00,0.7866841271782591,0.2688051888078121
2024-11-10 02:00:00,0.5985900884662108,0.18854157748849318
2024-11-10 03:00:00,0.5482990908088956,0.15167567313378047
2024-11-10 04:00:00,0.5482990908088956,0.1475145104773507
2024-11-10 05:00:00,0.5532202276872001,0.14057847310430063
2024-11-10 06:00:00,0.5297652489930992,0.1295555880800801
2024-11-10 07:00:00,0.6198171077978305,0.1538150940279083
2024-11-10 08:00:00,0.6919944089656903,0.22321855797362106
2024-11-10 09:00:00,0.7608201702582772,0.26715400294793534
2024-11-10 10:00:00,0.7800873482275241,0.28645462923829024
2024-11-10 11:00:00,0.836215342051586,0.29865969229071354
2024-11-10 12:00:00,0.8615232110037375,0.30763862238297773
2024-11-10 13:00:00,0.8787973469884455,0.30562642871282425
2024-11-10 14:00:00,0.8749048970211845,0.30819476568077503
2024-11-10 15:00:00,0.9252324778789413,0.31974382062449136
2024-11-10 16:00:00,1.0272456602703457,0.3267010621790861
2024-11-10 17:00:00,1.2092048732902259,0.3502652038754362
2024-11-10 18:00:00,1.2506678566496723,0.368846215899531
2024-11-10 19:00:00,1.2631184455147049,0.37385066583123644
2024-11-10 20:00:00,1.2662494397196182,0.3798574309038248
2024-11-10 21:00:00,1.2662494397196182,0.3852165589417993
2024-11-10 22:00:00,1.2663862569695137,0.3873952795354787
2024-11-10 23:00:00,1.2243704557351698,0.39309787067076807
2024-11-11 00:00:00,0.9235245864925075,0.3058423730122684
2024-11-11 01:00:00,0.7149617522937806,0.22230440626999015
2024-11-11 02:00:00,0.5417707638202605,0.15752243725704093
2024-11-11 03:00:00,0.4971955510784767,0.1272821548389489
2024-11-11 04:00:00,0.4971955510784767,0.12783694265583428
2024-11-11 05:00:00,0.5871964904350278,0.15225302497463356
2024-11-11 06:00:00,0.6989693069048958,0.19600672068151326
2024-11-11 07:00:00,1.427361694673651,0.41254493167515066
2024-11-11 08:00:00,2.0187378912892378,0.5780115312024817
2024-11-11 09:00:00,2.3947108922968003,0.6449513057685746
2024-11-11 10:00:00,2.499826680677078,0.6677597827388417
2024-11-11 11:00:00,2.7493727175351923,0.6874016650238999
2024-11-11 12:00:00,3.112296884743733,0.7260060466755035
2024-11-11 13:00:00,2.965859848030136,0.7226607011177535
2024-11-11 14:00:00,3.0501186071428754,0.7224985267458288
2024-11-11 15:00:00,2.8420478757587304,0.6997689759028447
2024-11-11 16:00:00,2.4960199140270243,0.6555836024844932
2024-11-11 17:00:00,1.8043492825817995,0.50828491836053
2024-11-11 18:00:00,1.5103914235488396,0.43857512344124694
2024-11-11 19:00:00,1.3825107547102302,0.406350060265514
2024-11-11 20:00:00,1.35818197778985,0.40456245033761334
2024-11-11 21:00:00,1.35818197778985,0.4080211116197751
2024-11-11 22:00:00,1.2543130986276212,0.39983323705158635
2024-11-11 23:00:00,1.1405838960418249,0.3691918805656746
2024-11-12 00:00:00,0.9056117564213388,0.30228364718872347
2024-11-12 01:00:00,0.7140178460498068,0.22193215214365164
2024-11-12 02:00:00,0.5463458830825589,0.15715018313070242
2024-11-12 03:00:00,0.5020385170239867,0.12780771458540302
2024-11-12 04:00:00,0.5020385170239867,0.1295559972063151
2024-11-12 05:00:00,0.5990960546689881,0.15545795389380246
2024-11-12 06:00:00,0.7296909956973604,0.2081539320391843
2024-11-12 07:00:00,1.4949498607912215,0.4319581634322781
2024-11-12 08:00:00,2.175617615707691,0.6004854580558873
2024-11-12 09:00:00,2.579757926184302,0.66742523262198
2024-11-12 10:00:00,2.693516032310456,0.6902337095922471
2024-11-12 11:00:00,2.956741468078511,0.7098755918773052
2024-11-12 12:00:00,3.3904116577340133,0.748263191497161
2024-11-12 13:00:00,3.232823811026968,0.743600392650118
2024-11-12 14:00:00,3.200993920366077,0.735224626414113
2024-11-12 15:00:00,2.982943151878567,0.7120575596635785
2024-11-12 16:00:00,2.6041047609367047,0.6654124837942283
2024-11-12 17:00:00,1.8715868854892739,0.5163038381783853
2024-11-12 18:00:00,1.5544516193561047,0.4460496480892645
2024-11-12 19:00:00,1.4265709505174953,0.41382458491353147
2024-11-12 20:00:00,1.4022421735971151,0.41203697498563085
2024-11-12 21:00:00,1.4022421735971151,0.4154956362677926
2024-11-12 22:00:00,1.3024963033301968,0.40730776169960387
2024-11-12 23:00:00,1.1825622139526368,0.3766664052136921
2024-11-13 00:00:00,0.9129800490155962,0.32869754638805115
2024-11-13 01:00:00,0.7262478855526365,0.2492937340501478
2024-11-13 02:00:00,0.5622365173266853,0.18451176503719857
2024-11-13 03:00:00,0.5179291512681131,0.1543303308925885
2024-11-13 04:00:00,0.5179291512681131,0.1560786135135005
2024-11-13 05:00:00,0.6149866889131145,0.18221497890576882
2024-11-13 06:00:00,0.745581629941487,0.23491095705115067
2024-11-13 07:00:00,1.5108404950353482,0.4587151884442445
2024-11-13 08:00:00,2.192769497985837,0.6268824518723002
2024-11-13 09:00:00,2.5951968131512477,0.6938222264383929
2024-11-13 10:00:00,2.7256298478393557,0.71663070340866
2024-11-13 11:00:00,2.9832438500936433,0.7362725856937182
2024-11-13 12:00:00,3.4053834728627175,0.774660185313574
2024-11-13 13:00:00,3.245915551356741,0.769997386466531
2024-11-13 14:00:00,3.1940272613898104,0.761656363985354
2024-11-13 15:00:00,2.9759764929023005,0.7384892972348194
2024-11-13 16:00:00,2.591612192610837,0.6918442213654692
2024-11-13 17:00:00,1.876187291094909,0.5430085474208798
2024-11-13 18:00:00,1.540310257249706,0.4727543573317591
2024-11-13 19:00:00,1.4124295884110967,0.44052929415602604
2024-11-13 20:00:00,1.3881008114907165,0.4387416842281254
2024-11-13 21:00:00,1.3881008114907165,0.4422003455102872
2024-11-13 22:00:00,1.288354941223798,0.43401247094209844
2024-11-13 23:00:00,1.1710293112291608,0.40200152806818384
2024-11-14 00:00:00,0.8849664118350421,0.3223033456127621
2024-11-14 01:00:00,0.6997197265960936,0.24319450414071792
2024-11-14 02:00:00,0.535086930004134,0.1784125351277687
2024-11-14 03:00:00,0.49077956394556177,0.14823110098315861
2024-11-14 04:00:00,0.49077956394556177,0.14967305327305866
2024-11-14 05:00:00,0.5878371015905631,0.17580941866532698
2024-11-14 06:00:00,0.711612904779128,0.2278938876840587
2024-11-14 07:00:00,1.475087185705597,0.4519361744861423
2024-11-14 08:00:00,2.1645913307795213,0.6201034379141981
2024-11-14 09:00:00,2.5578265334215198,0.6870432124802908
2024-11-14 10:00:00,2.6882595681096273,0.7097394885358318
2024-11-14 11:00:00,2.9440306738369886,0.7291426198977569
2024-11-14 12:00:00,3.3116116563800007,0.7631977740745295
2024-11-14 13:00:00,3.1314967127861157,0.7567703240149093
2024-11-14 14:00:00,3.074033330331387,0.7399499829381464
2024-11-14 15:00:00,2.855982561843877,0.7157666787135679
2024-11-14 16:00:00,2.5051518346243222,0.6709867893117298
2024-11-14 17:00:00,1.8042543668612432,0.5236893544701863
2024-11-14 18:00:00,1.5051830765002425,0.4570139734349551
2024-11-14 19:00:00,1.3756303779202108,0.42478891025922205
2024-11-14 20:00:00,1.3513016009998307,0.4230013003313214
2024-11-14 21:00:00,1.3513016009998307,0.4266543658867478
2024-11-14 22:00:00,1.2561095263203021,0.418466491318559
2024-11-14 23:00:00,1.1507694251975955,0.3864555484446444
2024-11-15 00:00:00,0.9709366092872167,0.3437569463746018
2024-11-15 01:00:00,0.781275602306753,0.2672125428293144
2024-11-15 02:00:00,0.6228610327435197,0.19965714024046155
2024-11-15 03:00:00,0.5785536666849475,0.17000103235779213
2024-11-15 04:00:00,0.5785536666849475,0.17035047981561124
2024-11-15 05:00:00,0.6681043763460931,0.1959662342286967
2024-11-15 06:00:00,0.7720757137589527,0.23968215880976249
2024-11-15 07:00:00,1.3620426457983468,0.43625051119062336
2024-11-15 08:00:00,1.8505693596009036,0.5679733238939111
2024-11-15 09:00:00,2.180351192349458,0.6222985804630418
2024-11-15 10:00:00,2.2331937445622745,0.6426453319885421
2024-11-15 11:00:00,2.335381461921644,0.6646640241836592
2024-11-15 12:00:00,2.6521111802034403,0.6962076104138532
2024-11-15 13:00:00,2.1534854044973475,0.6392416258972524
2024-11-15 14:00:00,2.026159484049845,0.589937870909609
2024-11-15 15:00:00,1.8723111662842238,0.564479427011542
2024-11-15 16:00:00,1.7178995449618495,0.5326238797179917
2024-11-15 17:00:00,1.4433110595474616,0.43836318142271463
2024-11-15 18:00:00,1.2951802522211227,0.3933620265217322
2024-11-15 19:00:00,1.249731875241714,0.3827372632483891
2024-11-15 20:00:00,1.2421530059254946,0.38363529929264
2024-11-15 21:00:00,1.2421530059254946,0.3906107593659767
2024-11-15 22:00:00,1.209010566521259,0.3884184177348984
2024-11-15 23:00:00,1.1566054573135645,0.37427551474402937
2024-11-16 00:00:00,1.0160974467226944,0.3577377489348743
2024-11-16 01:00:00,0.8172392062696382,0.2853589094803017
2024-11-16 02:00:00,0.6464310791902551,0.20892871303120447
2024-11-16 03:00:00,0.5982375308286288,0.17150139645397425
2024-11-16 04:00:00,0.5982375308286288,0.16856752464883717
2024-11-16 05:00:00,0.6154534231810246,0.16455575934326486
2024-11-16 06:00:00,0.6054419586456072,0.1560861035070087
2024-11-16 07:00:00,0.691754125323123,0.18337056810715113
2024-11-16 08:00:00,0.800045751124352,0.25342827156010694
2024-11-16 09:00:00,0.863036879105939,0.29736371653442123
2024-11-16 10:00:00,0.8823040570751861,0.3182234589393726
2024-11-16 11:00:00,0.9436175000618863,0.3319397255753294
2024-11-16 12:00:00,0.9953342202613411,0.3439458372464924
2024-11-16 13:00:00,0.9606322032599452,0.3427664657899039
2024-11-16 14:00:00,0.9421947833956694,0.3344305378284502
2024-11-16 15:00:00,0.9759341293564381,0.3347466485501373
2024-11-16 16:00:00,1.0744098936731745,0.3379519673387235
2024-11-16 17:00:00,1.2436170000951587,0.36151610903507353
2024-11-16 18:00:00,1.2938499647404713,0.3741800272877379
2024-11-16 19:00:00,1.2940248140625132,0.37918447721944337
2024-11-16 20:00:00,1.2971558082674268,0.38417707708032334
2024-11-16 21:00:00,1.2971558082674268,0.388557644872262
2024-11-16 22:00:00,1.2997569430755034,0.3889339450027632
2024-11-16 23:00:00,1.2603496012240818,0.3932669497500498
2024-11-17 00:00:00,1.0294392469933529,0.36459783800792783
2024-11-17 01:00:00,0.8305810065402964,0.2922189985533551
2024-11-17 02:00:00,0.6461475625695449,0.21195538723403612
2024-11-17 03:00:00,0.5958565649122297,0.17425051728001256
2024-11-17 04:00:00,0.5958565649122297,0.1700893546235828
2024-11-17 05:00:00,0.6007777017905341,0.16338772595531378
2024-11-17 06:00:00,0.5773227230964333,0.15236484093109326
2024-11-17 07:00:00,0.6623375902942217,0.1766935188419703
2024-11-17 08:00:00,0.7589452645466749,0.24573695159212963
2024-11-17 09:00:00,0.8275488305322874,0.2893384379043263
2024-11-17 10:00:00,0.8468160085015345,0.3086390641946812
2024-11-17 11:00:00,0.902944002325596,0.3208441272471045
2024-11-17 12:00:00,0.9282518712777479,0.33002719621610527
2024-11-17 13:00:00,0.9455260072624556,0.32801500254595173
2024-11-17 14:00:00,0.9416335572951948,0.33197222300713414
2024-11-17 15:00:00,0.9919611381529515,0.3435212779508504
2024-11-17 16:00:00,1.0939749267661187,0.35036259897212274
2024-11-17 17:00:00,1.2747213428887658,0.37392674066847276
2024-11-17 18:00:00,1.3249543075340782,0.3925077526925676
2024-11-17 19:00:00,1.3374048963991108,0.39751220262427306
2024-11-17 20:00:00,1.3405358906040243,0.40351896769686135
2024-11-17 21:00:00,1.3405358906040243,0.4088780957348359
2024-11-17 22:00:00,1.343137025412101,0.41105681632851526
2024-11-17 23:00:00,1.3037296835606793,0.4153898210758019
2024-11-18 00:00:00,0.9187876627313889,0.32497963262443075
2024-11-18 01:00:00,0.7150865754412346,0.24030591028275974
2024-11-18 02:00:00,0.5455561817090111,0.17552394126981052
2024-11-18 03:00:00,0.5009809689672273,0.14444469325240786
2024-11-18 04:00:00,0.5009809689672273,0.14499948106929322
2024-11-18 05:00:00,0.5909819083237784,0.16964997209287336
2024-11-18 06:00:00,0.7027547247936464,0.21340366779975306
2024-11-18 07:00:00,1.41671916714359,0.42994187879339046
2024-11-18 08:00:00,2.0080953637591765,0.5950484471251681
2024-11-18 09:00:00,2.3692264958427565,0.6617896617533658
2024-11-18 10:00:00,2.4743422842230345,0.6845981387236331
2024-11-18 11:00:00,2.723888321081149,0.7042400210086912
2024-11-18 12:00:00,3.0868124882896897,0.7422679328255918
2024-11-18 13:00:00,2.9403754515760925,0.7389225872678418
2024-11-18 14:00:00,3.0246342106888315,0.7381278190328803
2024-11-18 15:00:00,2.816563479304687,0.7153982681898962
2024-11-18 16:00:00,2.470535517572981,0.6720537965094181
2024-11-18 17:00:00,1.8044968601279807,0.5247551123854548
2024-11-18 18:00:00,1.517357093623171,0.4550453174661719
2024-11-18 19:00:00,1.389476424784562,0.42282025429043874
2024-11-18 20:00:00,1.3651476478641817,0.4210326443625381
2024-11-18 21:00:00,1.3651476478641817,0.42449130564469995
2024-11-18 22:00:00,1.2612787687019529,0.41630343107651113
2024-11-18 23:00:00,1.150158025499079,0.3842924882025966
2024-11-19 00:00:00,0.8582536531223383,0.30543664742229504
2024-11-19 01:00:00,0.6715214896593789,0.2239493967778305
2024-11-19 02:00:00,0.5075101214334277,0.15916742776488127
2024-11-19 03:00:00,0.46320275537485545,0.12898599362027102
2024-11-19 04:00:00,0.46320275537485545,0.1307342762411831
2024-11-19 05:00:00,0.5602602930198568,0.15652724761873998
2024-11-19 06:00:00,0.6908552340482291,0.20922322576412183
2024-11-19 07:00:00,1.4416861537232786,0.4321124765203832
2024-11-19 08:00:00,2.116723085376922,0.6005606989463284
2024-11-19 09:00:00,2.5060215269295503,0.667301913574526
2024-11-19 10:00:00,2.619779633055704,0.690110390544793
2024-11-19 11:00:00,2.8830050688237594,0.7097522728298512
2024-11-19 12:00:00,3.316675258479262,0.747563402615004
2024-11-19 13:00:00,3.1590874117722163,0.7429006037679611
2024-11-19 14:00:00,3.127257521111326,0.7338922436689193
2024-11-19 15:00:00,2.909206752623816,0.7107251769183847
2024-11-19 16:00:00,2.5303683616819534,0.6649210027869079
2024-11-19 17:00:00,1.8230970542737168,0.5158123571710647
2024-11-19 18:00:00,1.512779880668698,0.44555816708194396
2024-11-19 19:00:00,1.3848992118300887,0.4133331039062109
2024-11-19 20:00:00,1.3605704349097087,0.4115454939783103
2024-11-19 21:00:00,1.3605704349097087,0.4150041552604721
2024-11-19 22:00:00,1.2608245646427902,0.4068162806922833
2024-11-19 23:00:00,1.1434989346481528,0.3758758119449573
2024-11-20 00:00:00,0.8401991373770237,0.30221645408608
2024-11-20 01:00:00,0.6534669739140643,0.2228126417481766
2024-11-20 02:00:00,0.4894556056881131,0.1580306727352274
2024-11-20 03:00:00,0.44514823962954087,0.12784923859061714
2024-11-20 04:00:00,0.44514823962954087,0.12959752121152923
2024-11-20 05:00:00,0.5422057772745422,0.1553904925890861
2024-11-20 06:00:00,0.6728007183029145,0.20808647073446795
2024-11-20 07:00:00,1.4236316379779643,0.4309757214907294
2024-11-20 08:00:00,2.099929817665627,0.5994239439166744
2024-11-20 09:00:00,2.4875152639070546,0.666165158544872
2024-11-20 10:00:00,2.6179482985951625,0.6889736355151391
2024-11-20 11:00:00,2.87556230084945,0.7086155178001974
2024-11-20 12:00:00,3.2977019236185248,0.74642664758535
2024-11-20 13:00:00,3.1382340021125477,0.7417638487383071
2024-11-20 14:00:00,3.0863457121456177,0.7332206107058195
2024-11-20 15:00:00,2.8682949436581078,0.710053543955285
2024-11-20 16:00:00,2.4839306433666444,0.6642493698238081
2024-11-20 17:00:00,1.7937523098899106,0.5154136958792188
2024-11-20 18:00:00,1.4921902073760909,0.445159505790098
2024-11-20 19:00:00,1.3643095385374813,0.41293444261436496
2024-11-20 20:00:00,1.3399807616171013,0.41114683268646435
2024-11-20 21:00:00,1.3399807616171013,0.41460549396862617
2024-11-20 22:00:00,1.2402348913501828,0.40641761940043736
2024-11-20 23:00:00,1.1229092613555456,0.3754771506531113
2024-11-21 00:00:00,0.8408283475127319,0.3039128942676895
2024-11-21 01:00:00,0.6555816622737836,0.2248040527956453
2024-11-21 02:00:00,0.4909488656818237,0.16002208378269608
2024-11-21 03:00:00,0.4466414996232515,0.12984064963808578
2024-11-21 04:00:00,0.4466414996232515,0.13128260192798608
2024-11-21 05:00:00,0.5436990372682529,0.15707557330554284
2024-11-21 06:00:00,0.667474840456818,0.20916004232427454
2024-11-21 07:00:00,1.4165211759644754,0.4322873484895258
2024-11-21 08:00:00,2.1003944977755737,0.6007355709154709
2024-11-21 09:00:00,2.478787831493589,0.6674767855436684
2024-11-21 10:00:00,2.609220866181697,0.6901730615992094
2024-11-21 11:00:00,2.864991971909058,0.7095761929611346
2024-11-21 12:00:00,3.2325729544520705,0.7430548773032042
2024-11-21 13:00:00,3.0524580108581856,0.736627427243584
2024-11-21 14:00:00,2.9949946284034565,0.7211959696600527
2024-11-21 15:00:00,2.7769438599159466,0.6970126654354742
2024-11-21 16:00:00,2.4261131326963916,0.6530736777715096
2024-11-21 17:00:00,1.7504622329725072,0.5057762429299659
2024-11-21 18:00:00,1.4601609238973727,0.4391008618947346
2024-11-21 19:00:00,1.330608225317341,0.4068757987190016
2024-11-21 20:00:00,1.3062794483969609,0.405088188791101
2024-11-21 21:00:00,1.3062794483969609,0.40874125434652736
2024-11-21 22:00:00,1.2110873737174324,0.4005533797783386
2024-11-21 23:00:00,1.1057472725947257,0.36961291103101257
2024-11-22 00:00:00,0.9328488287798109,0.32411181027022057
2024-11-22 01:00:00,0.7431878217993471,0.24756740672493327
2024-11-22 02:00:00,0.5847732522361136,0.18001200413608037
2024-11-22 03:00:00,0.5404658861775414,0.15035589625341095
2024-11-22 04:00:00,0.5404658861775414,0.15070534371123007
2024-11-22 05:00:00,0.6300165958386871,0.17597770410960398
2024-11-22 06:00:00,0.7339879332515468,0.21969362869066977
2024-11-22 07:00:00,1.309526919872129,0.4153470004346983
2024-11-22 08:00:00,1.79242281041186,0.5473507721358752
2024-11-22 09:00:00,2.107036642331231,0.6014774687671107
2024-11-22 10:00:00,2.159879194544047,0.6218242202926112
2024-11-22 11:00:00,2.262066911903417,0.6438429124877281
2024-11-22 12:00:00,2.578796630185212,0.6747061949128582
2024-11-22 13:00:00,2.0801708544791206,0.6177402103962577
2024-11-22 14:00:00,1.9528449340316179,0.5684364554086142
2024-11-22 15:00:00,1.7989966162659967,0.5429780115105471
2024-11-22 16:00:00,1.6445849949436226,0.5143407674246473
2024-11-22 17:00:00,1.395243077568429,0.4200800691293703
2024-11-22 18:00:00,1.24711227024209,0.37507891422838774
2024-11-22 19:00:00,1.201663893262681,0.3644541509550447
2024-11-22 20:00:00,1.194085023946462,0.3653521869992956
2024-11-22 21:00:00,1.194085023946462,0.37232764707263233
2024-11-22 22:00:00,1.160942584542226,0.370135305441554
2024-11-22 23:00:00,1.1085374753345318,0.3570628765772735
2024-11-23 00:00:00,0.9764029367423899,0.34005413477058866
2024-11-23 01:00:00,0.7777686721429469,0.26767529531601597
2024-11-23 02:00:00,0.6069605450635638,0.19124509886691882
2024-11-23 03:00:00,0.5587669967019376,0.15310173771735228
2024-11-23 04:00:00,0.5587669967019376,0.1501678659122152
2024-11-23 05:00:00,0.5759828890543333,0.14606672617579752
2024-11-23 06:00:00,0.5659714245189159,0.13759707033954133
2024-11-23 07:00:00,0.6520527474679315,0.1639665543028514
2024-11-23 08:00:00,0.7547135500063348,0.23430521675369653
2024-11-23 09:00:00,0.8171563507757468,0.27790670306589327
2024-11-23 10:00:00,0.8364235287449938,0.29876644547084463
2024-11-23 11:00:00,0.8977369717316941,0.31248271210680134
2024-11-23 12:00:00,0.9494536919311489,0.3246929626547008
2024-11-23 13:00:00,0.9147516749297531,0.3235135911981123
2024-11-23 14:00:00,0.8963142550654772,0.31517766323665863
2024-11-23 15:00:00,0.9300536010262459,0.31549377395834577
2024-11-23 16:00:00,1.0285293653429823,0.3185831722136095
2024-11-23 17:00:00,1.198347312863465,0.34214731390995956
2024-11-23 18:00:00,1.2485802775087775,0.354811232162624
2024-11-23 19:00:00,1.2487551268308197,0.35981568209432946
2024-11-23 20:00:00,1.251886121035733,0.3648082819552094
2024-11-23 21:00:00,1.251886121035733,0.36918884974714805
2024-11-23 22:00:00,1.2544872558438096,0.3695651498776492
2024-11-23 23:00:00,1.217583747895044,0.37569300783508475
2024-11-24 00:00:00,0.9890951163020332,0.3463083326457266
2024-11-24 01:00:00,0.7904608517025901,0.2739294931911538
2024-11-24 02:00:00,0.6060274077318384,0.1936658818718348
2024-11-24 03:00:00,0.5557364100745232,0.15524496734547494
2024-11-24 04:00:00,0.5557364100745232,0.15108380468904517
2024-11-24 05:00:00,0.5606575469528278,0.1442928015899308
2024-11-24 06:00:00,0.5372025682587268,0.13326991656571024
2024-11-24 07:00:00,0.6232838912077424,0.15668361383975493
2024-11-24 08:00:00,0.7142607421973698,0.22600800558780357
2024-11-24 09:00:00,0.7828643081829824,0.2696094919000003
2024-11-24 10:00:00,0.8021314861522294,0.28891011819035517
2024-11-24 11:00:00,0.8582594799762908,0.3011151812427785
2024-11-24 12:00:00,0.8835673489284424,0.3102982502117792
2024-11-24 13:00:00,0.9008414849131505,0.30828605654162566
2024-11-24 14:00:00,0.8969490349458897,0.312243277002808
2024-11-24 15:00:00,0.9472766158036463,0.32379233194652435
2024-11-24 16:00:00,1.0492904044168136,0.3306336529677967
2024-11-24 17:00:00,1.22965141457843,0.3541977946641467
2024-11-24 18:00:00,1.2798843792237424,0.37277880668824154
2024-11-24 19:00:00,1.292334968088775,0.377783256619947
2024-11-24 20:00:00,1.2954659622936886,0.38379002169253534
2024-11-24 21:00:00,1.2954659622936886,0.38914914973050985
2024-11-24 22:00:00,1.2980670971017652,0.39132787032418925
2024-11-24 23:00:00,1.2611635891529995,0.3974557282816248
2024-11-25 00:00:00,0.8629018219225617,0.31008380704845084
2024-11-25 01:00:00,0.6658636864769857,0.22541008470677995
2024-11-25 02:00:00,0.49633329274476234,0.15908616845766033
2024-11-25 03:00:00,0.45175808000297857,0.12610829807631563
2024-11-25 04:00:00,0.45175808000297857,0.12666308589320102
2024-11-25 05:00:00,0.5417590193595296,0.15122420248593602
2024-11-25 06:00:00,0.6535318358293977,0.1950156090544241
2024-11-25 07:00:00,1.3685627339305682,0.4098004540827102
2024-11-25 08:00:00,1.8939270179655248,0.5751879814123773
2024-11-25 09:00:00,2.255058150049104,0.641929196040575
2024-11-25 10:00:00,2.360173938429382,0.6647376730108421
2024-11-25 11:00:00,2.609719975287497,0.6843795552959002
2024-11-25 12:00:00,2.972644142496038,0.7224074671128009
2024-11-25 13:00:00,2.8262071057824407,0.7190621215550508
2024-11-25 14:00:00,2.9104658648951798,0.7182673533200894
2024-11-25 15:00:00,2.702395133511035,0.6955378024771053
2024-11-25 16:00:00,2.385693135867353,0.6521933307966272
2024-11-25 17:00:00,1.7384602237580193,0.5048946466726643
2024-11-25 18:00:00,1.45132045725321,0.43546655781151106
2024-11-25 19:00:00,1.3234397884146005,0.40324149463577813
2024-11-25 20:00:00,1.2991110114942204,0.40145388470787746
2024-11-25 21:00:00,1.2991110114942204,0.4049125459900393
2024-11-25 22:00:00,1.1952421323319913,0.3980589559629824
2024-11-25 23:00:00,1.0866252230317737,0.36784286629921675
2024-11-26 00:00:00,0.850676184333306,0.3046534724854154
2024-11-26 01:00:00,0.6598090828049334,0.22316622184095095
2024-11-26 02:00:00,0.49579771457898225,0.15684230559183132
2024-11-26 03:00:00,0.45149034852041003,0.12476224908327921
2024-11-26 04:00:00,0.45149034852041003,0.12651053170419124
2024-11-26 05:00:00,0.5485478861654114,0.15255752266561443
2024-11-26 06:00:00,0.6791428271937839,0.20529121167260467
2024-11-26 07:00:00,1.4310402026200604,0.4281138095212237
2024-11-26 08:00:00,2.0456960449559,0.5965620319471688
2024-11-26 09:00:00,2.434994486508528,0.6633032465753663
2024-11-26 10:00:00,2.548752592634682,0.6861117235456335
2024-11-26 11:00:00,2.811978028402737,0.7057536058306917
2024-11-26 12:00:00,3.24564821805824,0.7435647356158445
2024-11-26 13:00:00,3.088060371351194,0.7389019367688014
2024-11-26 14:00:00,3.056230480690304,0.7298935766697596
2024-11-26 15:00:00,2.838179712202794,0.7067265099192251
2024-11-26 16:00:00,2.488667285348956,0.6609223357877483
2024-11-26 17:00:00,1.8005871292374154,0.5118136901719051
2024-11-26 18:00:00,1.4902699556323968,0.44184120614091466
2024-11-26 19:00:00,1.3623892867937872,0.4096161429651817
2024-11-26 20:00:00,1.3380605098734073,0.407828533037281
2024-11-26 21:00:00,1.3380605098734073,0.41128719431944283
2024-11-26 22:00:00,1.2383146396064888,0.404433604292386
2024-11-26 23:00:00,1.1234928435145073,0.37421751462862035
2024-11-27 00:00:00,0.8342402407614065,0.30091995326588217
2024-11-27 01:00:00,0.6433731392330339,0.22151614092797883
2024-11-27 02:00:00,0.47937296933135853,0.1551922246788592
2024-11-27 03:00:00,0.4350656032727863,0.12311216817030707
2024-11-27 04:00:00,0.4350656032727863,0.1248604507912191
2024-11-27 05:00:00,0.5201921924121701,0.1509074417526423
2024-11-27 06:00:00,0.6507871334405426,0.20364113075963255
2024-11-27 07:00:00,1.4026845088668194,0.4264637286082516
2024-11-27 08:00:00,2.0186015992366784,0.5949119510341967
2024-11-27 09:00:00,2.4061870454781054,0.6616531656623943
2024-11-27 10:00:00,2.5366200801662133,0.6844616426326613
2024-11-27 11:00:00,2.794234082420501,0.7041035249177195
2024-11-27 12:00:00,3.216373705189576,0.7419146547028723
2024-11-27 13:00:00,3.0569057836835984,0.7372518558558294
2024-11-27 14:00:00,3.005017493716669,0.7283065423308553
2024-11-27 15:00:00,2.786966725229159,0.7051394755803209
2024-11-27 16:00:00,2.43192838902572,0.659335301448844
2024-11-27 17:00:00,1.7609412068456824,0.5104996275042546
2024-11-27 18:00:00,1.4711057506650058,0.44052714347326405
2024-11-27 19:00:00,1.3432250818263964,0.40830208029753107
2024-11-27 20:00:00,1.3188963049060163,0.4065144703696304
2024-11-27 21:00:00,1.3188963049060163,0.4099731316517922
2024-11-27 22:00:00,1.219150434639098,0.4031195416247354
2024-11-27 23:00:00,1.1043286385471163,0.37290345196096975
2024-11-28 00:00:00,0.8348694508971147,0.30287925373506147
2024-11-28 01:00:00,0.6454878275927531,0.22377041226301725
2024-11-28 02:00:00,0.4808662293250694,0.15744649601389762
2024-11-28 03:00:00,0.4365588632664972,0.12536643950534543
2024-11-28 04:00:00,0.4365588632664972,0.12680839179524556
2024-11-28 05:00:00,0.5216854524058809,0.15285538275666877
2024-11-28 06:00:00,0.6454612555944459,0.20497756263700886
2024-11-28 07:00:00,1.3955740468533304,0.4280382158946178
2024-11-28 08:00:00,2.0190662793466245,0.5964864383205629
2024-11-28 09:00:00,2.39745961306464,0.6632276529487604
2024-11-28 10:00:00,2.527892647752748,0.6859239290043015
2024-11-28 11:00:00,2.783663753480109,0.7053270603662265
2024-11-28 12:00:00,3.1512447360231217,0.7388057447082962
2024-11-28 13:00:00,2.9711297924292364,0.7323782946486761
2024-11-28 14:00:00,2.9136664099745078,0.7178277781590964
2024-11-28 15:00:00,2.695615641486998,0.6936444739345179
2024-11-28 16:00:00,2.3741108783554665,0.6497054862705532
2024-11-28 17:00:00,1.717651129928279,0.5024080514290099
2024-11-28 18:00:00,1.439076467186288,0.43601437645190855
2024-11-28 19:00:00,1.309523768606256,0.40378931327617557
2024-11-28 20:00:00,1.2851949916858758,0.4020017033482749
2024-11-28 21:00:00,1.2851949916858758,0.40565476890370133
2024-11-28 22:00:00,1.1900029170063475,0.3988011788766445
2024-11-28 23:00:00,1.0871666497862966,0.36858508921287886
2024-11-29 00:00:00,0.9270838591601392,0.32400435754763063
2024-11-29 01:00:00,0.7332879141142625,0.24745995400234322
2024-11-29 02:00:00,0.574884542875305,0.17836260417731992
2024-11-29 03:00:00,0.5305771768167328,0.1468078739307087
2024-11-29 04:00:00,0.5305771768167328,0.14715732138852783
2024-11-29 05:00:00,0.6081969379722608,0.1726837013707679
2024-11-29 06:00:00,0.7121682753851205,0.21643733681344215
2024-11-29 07:00:00,1.28877371775693,0.41202405564982836
2024-11-29 08:00:00,1.7275237058946724,0.5440278273510053
2024-11-29 09:00:00,2.0421375378140434,0.5981545239822408
2024-11-29 10:00:00,2.09498009002686,0.6185012755077413
2024-11-29 11:00:00,2.1971678073862297,0.6405199677028584
2024-11-29 12:00:00,2.5138975256680247,0.6713832501279884
2024-11-29 13:00:00,2.0152717499619333,0.6144172656113878
2024-11-29 14:00:00,1.8879458295144305,0.565994451717696
2024-11-29 15:00:00,1.7340975117488096,0.540536007819629
2024-11-29 16:00:00,1.6090118545144603,0.5118987637337291
2024-11-29 17:00:00,1.3666634412108623,0.41763806543845206
2024-11-29 18:00:00,1.2302592802176666,0.3729186165955998
2024-11-29 19:00:00,1.184810903238258,0.3622938533222568
2024-11-29 20:00:00,1.1772320339220386,0.36319188936650765
2024-11-29 21:00:00,1.1772320339220386,0.37016734943984436
2024-11-29 22:00:00,1.1440895945178027,0.3692800252343909
2024-11-29 23:00:00,1.0941883192127642,0.35693197545367084
2024-11-30 00:00:00,0.9738926421995119,0.3397610613561139
2024-11-30 01:00:00,0.7752583776000688,0.26738222190154126
2024-11-30 02:00:00,0.6042526082260202,0.1894100782162736
2024-11-30 03:00:00,0.5560590598643941,0.150855831971363
2024-11-30 04:00:00,0.5560590598643941,0.14792196016622594
2024-11-30 05:00:00,0.5736280423128813,0.14382082042980826
2024-11-30 06:00:00,0.563616577777464,0.13518742399150707
2024-11-30 07:00:00,0.6496979007264796,0.16149025504717487
2024-11-30 08:00:00,0.7418267945787977,0.23182891749802
2024-11-30 09:00:00,0.8042695953482099,0.2754304038102167
2024-11-30 10:00:00,0.8235367733174566,0.2962901462151681
2024-11-30 11:00:00,0.8848502163041568,0.3100064128511248
2024-11-30 12:00:00,0.936566936503612,0.32221666339902433
2024-11-30 13:00:00,0.9018649195022161,0.3210372919424358
2024-11-30 14:00:00,0.8834274996379401,0.3135823050749338
2024-11-30 15:00:00,0.917166845598709,0.3138984157966209
2024-11-30 16:00:00,1.0162624280688577,0.3169878140518847
2024-11-30 17:00:00,1.1930738796609361,0.34055195574823477
2024-11-30 18:00:00,1.2435363823902181,0.3534975800590294
2024-11-30 19:00:00,1.2437112317122603,0.3585020299907349
2024-11-30 20:00:00,1.2468422259171736,0.36349462985161485
2024-11-30 21:00:00,1.2468422259171736,0.36787519764355353
2024-11-30 22:00:00,1.2494433607252502,0.3695565151996796
2024-11-30 23:00:00,1.2125398527764846,0.37568437315711506
